{
    "lr": 0.00030188490890136296,
    "wd": 2.1288190627708907e-05,
    "dropout": 0.20985627804025705,
    "optimal_epochs": 7
}