{
    "model_type": "XGBoost_Optuna",
    "best_params": {
        "n_estimators": 690,
        "max_depth": 6,
        "learning_rate": 0.017829091806289013,
        "subsample": 0.6675668281611034,
        "colsample_bytree": 0.7276218497569537,
        "gamma": 0.8057668706073555
    },
    "bias_metrics": {
        "class_1_prediction_rate": 50.48,
        "elo_reliance": 85.87,
        "elo_baseline_accuracy": 64.09,
        "upset_prediction_accuracy": 22.45,
        "rank_reliance": 83.3,
        "final_accuracy": 66.08
    }
}