{
    "lr": 0.0013070648088237004,
    "wd": 6.150245316072753e-06,
    "dropout": 0.3342185973892823,
    "optimal_epochs": 8
}