{
    "lr": 0.0005361640380087206,
    "wd": 2.5665845202216443e-06,
    "dropout": 0.3148872611911442,
    "optimal_epochs": 12
}