{
    "lr": 0.00011255814727933478,
    "wd": 5.298585334757134e-06,
    "dropout": 0.4471211547352021,
    "optimal_epochs": 33
}