{
    "lr": 0.022768949783530976,
    "inference_lr": 0.008551624390895062,
    "inference_steps": 44,
    "hidden_activation": "tanh",
    "optimal_epochs": 100
}