{
    "lr": 0.0008288963228234686,
    "inference_lr": 0.010080283158462666,
    "inference_steps": 10,
    "optimal_epochs": 92
}