{
    "lr": 0.003718195153466363,
    "wd": 3.847679752877745e-06,
    "dropout": 0.416442093997322,
    "optimal_epochs": 3
}