{
    "lr": 0.0002784542848017852,
    "wd": 0.0003651104300388112,
    "dropout": 0.2607713011724402,
    "optimal_epochs": 11
}